{
  "mean": [
    11.6098,
    3.0062,
    66.79263255669373,
    0.3017,
    0.6053,
    0.9538,
    0.6925,
    23.95979953114569
  ],
  "scale": [
    6.950909577889789,
    2.011358138174303,
    20.107971037423532,
    0.4589957625076728,
    0.4887861597876929,
    0.8672171354395622,
    0.46145828630549046,
    23.615447657384454
  ],
  "features": [
    "hour",
    "day",
    "battery",
    "charging",
    "wifi",
    "location",
    "activity",
    "time_since"
  ]
}